StationID,Latitude,Longitude,BikesAvailable,DocksAvailable,Total_Docks,Station_Occupancy
46b4ef45-b06b-40eb-9fdf-9bc8ff104a4f,37.3236779,-121.8741186,2,13,15,13.3
7d59176c-49dd-4b07-a5ab-bcc109974db3,37.3600013909666,-121.87877833843231,7,12,19,36.8
c53990d7-f965-40f4-b305-3435e1c95a71,37.345758795303155,-121.87067806720735,10,9,19,52.6
ed707a89-a68d-4921-a4cb-16c268e45a5b,37.3371223728942,-121.88321471214294,17,5,22,77.3
d75591d7-080d-46cb-8ada-0fbe6af676fc,37.33677476275722,-121.90914899110793,21,2,23,91.3
0d730ac1-7ce6-45cf-aca6-b412ea46709d,37.3509643,-121.9020161,13,14,27,48.1
68c89d1f-407a-4550-a2b7-ecf0ad7ee422,37.3233446905968,-121.91349685192107,14,5,19,73.7
ab8cc22e-0f34-4476-bf81-293cbbb2e69c,37.360854155253826,-121.90683424472809,16,11,27,59.3
dc2f7685-c3e3-4536-b78b-740479cbb207,37.329732,-121.901782,15,19,34,44.1
6994e1e6-bb3c-4309-8207-52e6004a7302,37.3655356585599,-121.86796635389327,14,9,23,60.9
30429aed-9a47-4fd9-87fa-0db835aa8265,37.34398467798214,-121.87438488006593,11,8,19,57.9
0d48fc9e-6798-46f0-bbb6-67a168800e0b,37.3429973,-121.8888891,10,5,15,66.7
bae9be55-04d4-4641-9781-3d1c4b6950f1,37.339301,-121.889937,9,6,15,60.0
3ebc4f3f-2941-47cd-a173-83f01a91bf57,37.3413348,-121.9031829,13,2,15,86.7
daac8a55-dd65-4a1e-b0b9-65ec5002c812,37.332692,-121.900084,17,6,23,73.9
0fd9a51c-67ac-4048-b531-bff644b82f47,37.322124625448566,-121.88109040260315,12,11,23,52.2
bd05ae96-7adc-422d-84ea-697cd3b73afc,37.3477119817597,-121.89055323600769,20,11,31,64.5
a96032c0-9ff2-4fbe-8f03-6b3f9816947d,37.33802231313689,-121.91947817802429,11,12,23,47.8
7304d188-5de6-4a57-86e3-bb0b72481368,37.324414,-121.88078,1,18,19,5.3
a7677436-088f-4c4f-82b9-e769e479ddf1,37.32086614588923,-121.87627851963045,5,18,23,21.7
c52ca98a-70c6-42da-9867-4f35060b5d2e,37.335885,-121.88566,21,2,23,91.3
53d1c097-50e3-494d-bddc-bdab49c7c39b,37.333955,-121.877349,2,16,18,11.1
fa83f661-540e-4720-9323-824c6529b796,37.336802,-121.8940901,14,1,15,93.30000000000001
7ae6ad74-9212-4a2b-bb52-aba03cb533e2,37.3391456,-121.8841054,13,2,15,86.7
d6c452d5-88d5-48e2-8028-d46134c2beb8,37.327581,-121.884559,8,18,26,30.8
676591be-48bc-4653-995a-c4536e793135,37.3229796,-121.8879312,0,19,19,0.0
14f62ff9-1893-4379-8fe4-db578da909ee,37.326282324105776,-121.9049111008644,11,8,19,57.9
3c12fd1d-c7fc-4570-8fa3-1449c096b818,37.37111641335901,-121.88133180141449,13,6,19,68.4
d28bb0a7-8dc5-49be-86c7-9a3395eed019,37.3319323,-121.9048882,16,7,23,69.6
8941eac9-fb07-4d76-b623-fae2af79139e,37.35090179274617,-121.89584255218504,16,7,23,69.6
218e755d-c0d3-4b33-8afc-b4b0e8ab3a41,37.343208488473465,-121.88438951969147,7,12,19,36.8
67b039eb-ea61-46c0-8da5-1f56de4ad9ca,37.333988,-121.894902,7,4,11,63.6
6bcc6da3-b25b-4fea-9c30-3eb88e282574,37.3302641,-121.8977018,7,12,19,36.8
3794a34d-764a-4af1-80db-1b0e0ce13fed,37.355029582252904,-121.90443634986876,5,14,19,26.3
adda58ee-59a9-4586-8210-da874168a93b,37.3184498,-121.8831724,3,11,14,21.4
e81efb0f-faee-43dd-b8e0-1e1f0cad61f1,37.36767805240811,-121.9187942147255,16,7,23,69.6
4e704be5-b76d-44a5-8d05-a9ba3e5ae20e,37.31128394611736,-121.89632534980774,13,5,18,72.2
d12ba265-5bfe-4a00-a19a-a7299822bd65,37.33618830029063,-121.88927650451659,2,9,11,18.2
393ec80c-da84-4d7a-9452-e77f8de7caf2,37.352601,-121.905733,9,14,23,39.1
28988488-fb74-4bbc-9e69-613698b2dd8c,37.32911866814779,-121.90457582473755,19,4,23,82.6
8fccc336-6544-4c73-a096-282131267f78,37.32673,-121.8892731,12,5,17,70.6
7d8f4de7-d726-4af2-95b5-33032136239a,37.3448821,-121.8969655,10,9,19,52.6
5c17e1c8-5d21-4309-afcb-e69da27acf31,37.337391,-121.886995,7,14,21,33.300000000000004
891b961d-b674-49be-9579-71f5feb4598d,37.333798,-121.886943,19,0,19,100.0
453a6d0d-31ce-4204-b2e1-2f9532e4b356,37.33279952386071,-121.88385039567946,18,0,18,100.0
c0f36b61-82e5-4f63-9a28-1fa11f0149c9,37.356834352780886,-121.89593575894831,11,12,23,47.8
dc464713-3263-40bd-a059-af2efd7a4b9a,37.3364659,-121.8766132,7,11,18,38.9
938f4dc0-e393-47e8-9449-3a82b2445662,37.36522655191025,-121.9168147444725,11,8,19,57.9
ea511b7f-eae4-4ee8-9bba-ee7445e5133a,37.338468014146,-121.86652064323424,4,11,15,26.700000000000003
14750571-71a2-4c2f-8a6a-8f344866eebe,37.32096853145443,-121.90829604864119,4,23,27,14.799999999999999
753e3e72-9498-4eef-a006-be1848cb36b3,37.3327938,-121.8759263,6,15,21,28.599999999999998
32974dc6-2aea-45d3-ae66-06f02f45ecaa,37.331415,-121.8932,14,9,23,60.9
45d77294-6643-4ba4-bd8b-2e8c27430dfe,37.32601084794081,-121.91232740879057,12,11,23,52.2
bb54f5c8-5578-4167-9599-8e55154de4fd,37.3259984,-121.87712,5,20,25,20.0
2c7560e6-62c6-4403-8b97-8016471948b5,37.3322326,-121.9125165,20,3,23,87.0
93d95ded-d49e-43bc-b7fe-6ce556569088,37.36508806048156,-121.87161205351002,12,13,25,48.0
ea2a009b-6a83-4b81-ba35-c175c492f4f4,37.31975695999228,-121.89299941062927,6,13,19,31.6
59a78eb1-a501-4145-b21f-bc2397898905,37.3398531,-121.8636494,10,5,15,66.7
d87d0852-6abb-428b-86dd-d470c64c8ff7,37.35306166133104,-121.89193725585936,12,11,23,52.2
caadcda3-bbdb-4cc5-825a-7e3d79ea921e,37.330698,-121.888979,15,0,15,100.0
c11e189e-080a-40ba-a0a4-98920af4806b,37.33116799422201,-121.88693761825562,18,1,19,94.69999999999999
534d8e3d-3814-48c9-b25e-1d2b8205fcd9,37.35288682729121,-121.88604980707169,13,2,15,86.7
b8cadddb-5ca8-43ec-98f3-2276e036950b,37.36186680025918,-121.90931528806688,8,15,23,34.8
7dfd8e07-81a8-4734-bc70-5e47aadbfa5a,37.3383952,-121.8807965,12,5,17,70.6
d6422284-e433-48c5-bf00-751c299189c8,37.3487586867448,-121.89479783177376,14,12,26,53.800000000000004
cfda2dee-2f6c-400d-a1a7-ba1b2bdc6aee,37.364060462258806,-121.9117319583893,5,10,15,33.300000000000004
27045384-791c-4519-8087-fce2f7c48a69,37.333677122859896,-121.90861791372298,15,4,19,78.9
13d36dad-f238-426c-9525-ec73552fa0b0,37.342725,-121.895617,6,16,22,27.3
d68c980f-e659-4407-8e69-fea3ea84476a,37.338670604639425,-121.89564406871794,19,3,22,86.4
cf792877-0b6a-4594-b388-8eb06599b549,37.309014074275915,-121.9000107049942,11,12,23,47.8
0cf3890c-4fde-49f7-9daa-7f2842695119,37.3172979,-121.884995,7,11,18,38.9
2c00d99d-7518-4ecd-ab53-63e7a34034f6,37.316736478493425,-121.91000461578369,17,10,27,63.0
e5b1f228-5347-47fc-a079-c1df0e8668f1,37.32345133870681,-121.90597593784332,13,14,27,48.1
6c176d42-fea5-4df1-80eb-66a99cc73a21,37.34759257443888,-121.89966201782227,14,5,19,73.7
ccf416f8-ccc0-4f82-a659-e5d7851d2bcb,37.34113203547954,-121.89284384250641,14,9,23,60.9
b09fd293-4364-4ce6-9341-0ced58486c5a,37.31515792998312,-121.89783275127412,5,9,14,35.699999999999996
b6d76c7a-2082-430b-8403-da5db00becaf,37.3426625921454,-121.87729239463806,10,13,23,43.5
94c877d2-f064-4373-b372-3f8997a07f30,37.32031582108647,-121.87009871006012,25,5,30,83.3
6200707a-ffec-4dde-b142-4df69780264f,37.355692651246365,-121.89225107431412,11,12,23,47.8
46f36a3a-f550-4fe0-bfe8-b94fddaf95d8,37.321181834267314,-121.9030898809433,8,15,23,34.8
eb283c26-5d6b-4da4-a2ac-f0bfe3329856,37.324125951150876,-121.89971968531609,10,13,23,43.5
7c086aa7-c33f-47e5-ace9-74c40807c409,37.349426308788004,-121.8876188993454,6,17,23,26.1
bd217291-f4ad-4e1d-8c13-e27d39a35fef,37.33203868095132,-121.8817663192749,11,8,19,57.9
40205ede-0c43-44ab-8c9c-0d8ecd9f854e,37.8628271,-122.2902305,0,2,2,0.0
a2698d11-5b7e-4421-90ed-7d7225a58a67,37.7934885,-122.4001044,0,5,5,0.0
c7879d87-34c8-4b23-9c07-250fb012bd4b,37.7423139,-122.4231805,0,3,3,0.0
1a7a0757-fbbb-497e-b92b-cb0817cab274,37.742075235944235,-122.38660231232642,6,12,18,33.300000000000004
a4176220-2f51-47dd-82c4-342dc97867bd,37.8677892,-122.2658964,4,19,23,17.4
2815280a-8263-4537-a944-4fdc32774fde,37.7751205,-122.464998,8,13,21,38.1
434e592c-be93-4300-b76a-98de4cd3326e,37.788568914161615,-122.43540108203887,3,14,17,17.599999999999998
1de96988-6dfc-4f97-8570-6d8664b6e88a,37.7717933,-122.4337079,6,18,24,25.0
13f59664-7cdd-451c-b4bb-1e8d660164c8,37.7807382,-122.4027281,2,29,31,6.5
1e5323d3-5bd3-4259-a9d4-aec0e09d8f56,37.781130551698666,-122.44737446308135,1,21,22,4.5
2e4f2c49-1201-4d77-ba41-9917293f1eeb,37.723426,-122.455102,6,10,16,37.5
47894de7-32c7-48ac-aa44-57c8def8a7f3,37.7258897887525,-122.45244383811949,2,21,23,8.7
9cb2f8b5-0d32-4a15-a4f1-3990595156de,37.8426295,-122.267738,12,2,14,85.7
41b2200f-7915-410b-95c6-084bc4d3dee8,37.730655429236556,-122.44430475172521,7,12,19,36.8
7adb5dde-e34a-4964-98d3-f64a940beacb,37.870139,-122.268422,10,19,29,34.5
f6c0f2ed-11cc-4b74-9d03-f2b298c9bd1b,37.7592103,-122.4213392,17,1,18,94.39999999999999
318b8d9d-cf10-41a5-988a-860a07f0543d,37.8660431,-122.2588044,0,19,19,0.0
35e3bf9b-4c65-4f2b-9d46-32afe9fe82d9,37.803968,-122.455079,1,15,16,6.2
9b4f6ef0-4568-4f52-8226-ec8432b75802,37.77948760924334,-122.46314182877539,17,4,21,81.0
2d63ccd8-6a9a-49de-9404-2ebb9ac3bf59,37.806929,-122.411536,7,15,22,31.8
f665c653-569b-4a5d-b80d-67f2e4191f77,37.82352279021405,-122.27718830108643,6,13,19,31.6
4c98bff8-3bd8-480e-ac8f-25fa4b09f84e,37.7822586,-122.3914651,4,31,35,11.4
5f13426c-73f2-4272-a498-f11ff007e8d3,37.8417999,-122.2515349,0,15,15,0.0
43974bf5-147b-4348-aed6-eb29626cb1cf,37.8026635,-122.4360635,17,10,27,63.0
4938bd2c-37c1-4be9-9ad3-3b3d3d589248,37.775681,-122.494064,17,1,18,94.39999999999999
924ea8a9-841d-43b5-99a9-bff7ca8d4b64,37.8113514,-122.2734217,8,11,19,42.1
49754dc9-1925-4020-a599-704c9f064b03,37.7735069,-122.4160402,11,6,17,64.7
73fccaab-205c-4b1e-a547-5fb0f2a58056,37.7774157,-122.4418376,5,18,23,21.7
2a229da1-a8bc-485a-982b-df0c9de6d11e,37.7864555,-122.399749,12,8,20,60.0
6732f1f5-616c-46bc-81e6-67c5319b3c73,37.8020552,-122.4017154,5,26,31,16.1
fd89514c-f878-4cd5-8113-8e5beead44de,37.849735,-122.270582,15,0,15,100.0
36ecea1d-48aa-416b-96d3-7698658759e5,37.76352708498452,-122.47949242628238,5,11,16,31.2
cd4b4099-e2f5-4d46-bc1f-ed96d22548cc,37.8403643,-122.2644881,4,11,15,26.700000000000003
7018fb4d-6799-4a20-8ea4-739f789cd096,37.7976728,-122.2629973,3,23,26,11.5
aacc087a-f075-4682-a0df-be4c30c4a632,37.745738796183325,-122.42214024066925,9,5,14,64.3
8971b4a0-9868-422f-904c-d4c180fc34ae,37.78068,-122.450012,4,25,29,13.8
1eef0966-a6b6-4da1-8726-09989c2eb044,37.8356703,-122.2811258,10,9,19,52.6
c3f56bed-65e3-425b-999e-82b3a4f73aeb,37.833538871616035,-122.263693665756,1,18,19,5.3
9a97cfb1-8882-4dfc-a075-2c22d646e457,37.764794,-122.3947595,18,12,30,60.0
b513d838-5423-490c-bf7d-9f20771cf529,37.78146761537824,-122.45880603790283,6,13,19,31.6
1d0da57a-5fe4-48af-b66b-5f380706eb4e,37.750945,-122.4120835,12,1,13,92.30000000000001
1822622c-b9e0-43fe-8bf9-9f26024aa426,37.77452040113685,-122.4094493687153,7,21,28,25.0
71944da6-f667-4ca6-ace6-70765d46a529,37.783973,-122.442878,1,23,24,4.2
ab03623f-6fe9-4e9b-b38b-6e98513082d1,37.7724385,-122.4039235,19,4,23,82.6
5d2b4506-3169-4f9a-af15-31c78768917a,37.876572549106854,-122.26952791213989,5,18,23,21.7
a81b1594-ce38-4374-b256-3f183c8e12bc,37.78383,-122.39887,21,14,35,60.0
c0bc3212-1e26-438b-9ebd-ea1d1c8e92ef,37.72694296622841,-122.40659952163695,3,19,22,13.600000000000001
03eb8b17-d20f-400c-a98a-dcbc947228af,37.77779057034257,-122.40643188357353,5,9,14,35.699999999999996
0d6a9101-5b40-4fdf-9315-e494af1baf7b,37.774152564302355,-122.21239820122717,5,14,19,26.3
e66227f7-bd49-46be-b5ee-ce6518ac9dd4,37.766594,-122.398198,17,10,27,63.0
713e3a3a-c5a6-4f48-a122-c536326bc954,37.86012459911685,-122.2693844139576,4,19,23,17.4
0fc2ae3f-b5ac-493b-bd93-8300b601f9db,37.7436839,-122.4268059,0,13,13,0.0
4d2b40cb-88e2-4371-8532-b1e52e797c8c,37.7638471,-122.4130036,12,5,17,70.6
429a3ffa-e0df-4497-b6e9-91e3ccb12c1c,37.85760774739988,-122.26160466670989,0,15,15,0.0
e98999ee-5c3d-48b8-8735-baf6518ad915,37.774804,-122.446649,6,16,22,27.3
c4c4484d-0e18-44d4-a992-c5d0550ba94d,37.729278651730276,-122.39289611577988,4,15,19,21.099999999999998
1bd76a29-5890-4194-993c-666c09af9993,37.73981271734901,-122.42552250623703,2,16,18,11.1
e0c59a44-7e14-43bd-99e2-a294b3fc0951,37.8072393,-122.2893702,10,9,19,52.6
d79ae08e-a8d2-4aad-9f98-9b20afb8f6e0,37.78646613354221,-122.39871607983103,3,15,18,16.7
874736bb-35c8-48e8-a4d7-e8e811d418da,37.772954,-122.509071,22,0,22,100.0
d5eedd49-f998-4b8a-9d1a-22853da216aa,37.80889393398715,-122.25646018981932,12,11,23,52.2
ef04d469-63f4-464a-946f-056da6318051,37.8575672,-122.2675583,1,19,20,5.0
63b2136c-c947-473e-977e-8cc0e6347699,37.79080303242391,-122.43259012699126,13,2,15,86.7
5fdc3d6d-e9c8-47cf-874e-d2f012cfb217,37.80781318217903,-122.26449608802795,4,27,31,12.9
492edeb7-7c9f-4845-b5cc-442faedb3a56,37.802688402040665,-122.26914636790752,10,9,19,52.6
1c2e5680-719b-4674-9837-092c367594ba,37.8127441,-122.2472152,18,1,19,94.69999999999999
08f875e7-d696-4a4d-9656-43f07a953de4,37.870407115465376,-122.29967594146727,12,2,14,85.7
b1a957d2-5e0e-4a99-bca3-7f3db21d30eb,37.7730627,-122.4390777,3,19,22,13.600000000000001
e4921f52-7a6c-4baa-b057-ddc7051980ca,37.8061628,-122.2760402,16,4,20,80.0
1af8102a-589a-47ea-97ec-4589b71403aa,37.8285951,-122.2663493,0,30,30,0.0
180e4d99-3717-4b99-8200-671af652921f,37.7719511,-122.4537048,3,11,14,21.4
cf56994c-cdd6-4586-9f56-eea2f51e81ae,37.7913,-122.399051,7,13,20,35.0
2b935f1b-2659-4d82-a348-6a3bb083914d,37.7896195,-122.400808,15,9,24,62.5
4d1990b2-f487-43be-b436-018ad73ab0dd,37.855573661828785,-122.26356536149979,9,10,19,47.4
7b2083d3-b1bb-4ef3-ba53-bebc831bd0a4,37.8027671,-122.4132756,15,0,15,100.0
1af8f901-8697-4128-b6c8-45c7c7f2c684,37.8123315,-122.2851712,2,13,15,13.3
a7da1857-747a-4507-9d8f-2a9f95f0babf,37.7763115,-122.394495,11,6,17,64.7
f630e61e-56b0-4f69-a91b-2e85b44dfcb7,37.8559558,-122.2597949,4,15,19,21.099999999999998
930fe54f-5572-4900-8910-6041386560bf,37.769244,-122.4269645,2,11,13,15.4
4298a24b-394a-491d-9d8f-df90f381b187,37.824892529951114,-122.26043654610294,3,27,30,10.0
6156f831-ca96-459d-aafe-685420751e4d,37.7765126,-122.4113061,2,21,23,8.7
e4e5d6b1-a335-41a9-8efe-4c4d9294d6e2,37.771058,-122.402717,23,4,27,85.2
482f48f4-7ed6-4e69-a778-a2aba0f39c80,37.76704457969368,-122.39083349704742,3,28,31,9.700000000000001
1771130117010765886,37.8063553,-122.2860187,0,23,23,0.0
cae028f4-b136-4297-8f28-559986e3f810,37.758862,-122.412544,19,0,19,100.0
9cac67a2-9219-455e-b3db-c771311c5b33,37.753259,-122.4055145,5,9,14,35.699999999999996
3612155a-0fb2-4e66-8bab-f81979bfe54a,37.785479,-122.419342,3,20,23,13.0
cb84be53-d226-47fc-aa81-789c037361d4,37.8113768,-122.2651925,7,20,27,25.900000000000002
194a64ab-b6b4-4724-bd21-01b4e9cbe629,37.755367132158526,-122.38879501819609,21,10,31,67.7
38a24ab3-8b5e-4d6d-804b-d4e89d19601e,37.77523486860597,-122.39743709564209,21,13,34,61.8
7dd926da-25ee-48fd-9de7-ad59a83f94a8,37.784419,-122.439361,3,28,31,9.700000000000001
748ac5c0-bb8c-4a55-9c56-6c91b2e859e1,37.7965927,-122.4556884,1,17,18,5.6000000000000005
f2c2ba49-25e1-4493-8565-5df5af66e153,37.77610091264586,-122.4530929327011,1,22,23,4.3
f33b866f-ce2e-4d48-9b2a-cf566ba59039,37.8584732,-122.2532529,1,18,19,5.3
618c724d-9025-470b-8621-4500a9b69773,37.88022244590679,-122.26959228515624,6,9,15,40.0
a5c8beca-df86-4cac-8229-ac1d7b010401,37.765429,-122.42189,18,2,20,90.0
578169a8-b821-427d-934e-0b5329577ea4,37.75499463,-122.4258368,6,16,22,27.3
94b81aae-caf3-4ad6-867f-353057ad98d5,37.8044325,-122.433523,22,4,26,84.6
8777c08a-3535-4da3-bae1-a22f470177f3,37.7799345,-122.480383,15,3,18,83.3
5ea1329c-9fe6-4c24-9de7-34967a9fa428,37.8409452,-122.2913604,13,6,19,68.4
f503bee7-b169-43c4-a1ef-5b3ddd859a7a,37.728281592452824,-122.4506950378418,3,24,27,11.1
615bca10-5b2a-4b7e-876c-04c4d3d9e360,37.7472996,-122.4114029,12,1,13,92.30000000000001
44647200-5fea-47fc-a629-c1884554afb8,37.722001,-122.482735,4,26,30,13.3
d6ebe802-3db6-4106-b3c7-4791c801a91f,37.7637348,-122.41552403555308,13,10,23,56.49999999999999
25e8f173-3c6f-43d5-9806-af1c72f6f3d8,37.8524766,-122.2702132,11,12,23,47.8
31871354-8b20-4566-9044-f70ac57026dc,37.8361823,-122.2871801,3,20,23,13.0
702e67bf-a75e-4352-8b20-425a19c1845c,37.775211,-122.511208,26,0,26,100.0
1716540857410079456,37.7744791,-122.4139142,9,1,10,90.0
c0d7ba8d-145a-40fc-aa06-f4c06fc49edb,37.740321776391326,-122.3767840862274,9,17,26,34.599999999999994
34254a87-40e5-462a-804f-20dab65726e4,37.7892792,-122.4450687,3,20,23,13.0
a5c3e383-f1b0-449f-8ad4-96291f38c636,37.785359635574224,-122.4318015575409,0,29,29,0.0
41c6b82b-2e59-4fa2-a7ad-f6cd0bcd9130,37.780949,-122.456303,8,11,19,42.1
0b81b2ae-d9bf-4b66-b5e0-687205d4bc12,37.869966707604036,-122.28653311729431,14,1,15,93.30000000000001
cb20f487-2e7d-4c11-9f19-2b669ff9fd7f,37.79762790889688,-122.423534989357,15,6,21,71.39999999999999
e9b45d4b-900e-4d9f-bb75-74dcea012859,37.814988230424156,-122.27484405040741,16,3,19,84.2
67ed16db-4800-4671-bba4-e8ef52d6d74e,37.8357883,-122.2516207,15,8,23,65.2
fed768af-80bd-4567-9a94-df9b7e369433,37.72489268384971,-122.4432384967804,8,13,21,38.1
faad71bc-21e3-4ce1-8b84-63f782a91d1b,37.79728,-122.398436,13,22,35,37.1
9202aa09-26ee-4220-9281-c66b7bbe7b38,37.7478584,-122.4249863,9,5,14,64.3
ec02b98c-1713-4033-9466-47146c77d476,37.71616094545787,-122.440105676651,5,11,16,31.2
fdbfa7f9-d3eb-4c9d-ab6c-0e3300da314e,37.767078504583665,-122.40735858678818,9,16,25,36.0
0c9f99fe-9f18-4489-bf50-c744a7288819,37.799676,-122.452599,13,10,23,56.49999999999999
c2169cbb-4ff3-405a-a656-729171b13d47,37.72095,-122.478859,10,21,31,32.300000000000004
b65fc6af-b92c-41c5-8c63-e26cdfa3cda1,37.768227,-122.420359,2,14,16,12.5
fde4cecd-7497-4bdb-a452-0e1a755e7759,37.7770527,-122.4295585,20,4,24,83.3
5215d3e4-b85a-4499-a460-1b038f7a2bf1,37.772354,-122.4358575,16,11,27,59.3
971307f6-5491-4112-beac-6b6960af6c0d,37.83575,-122.262654,3,12,15,20.0
10c593a0-39c8-45ec-bbf6-fd7fbdf30cb5,37.80303013575619,-122.27049618959427,5,19,24,20.8
270425db-c369-4d4b-b8de-fae86c896a3c,37.8051895,-122.29461686454057,9,14,23,39.1
7c7ac914-40e5-426d-b9c4-f12b1a556be8,37.799953,-122.398525,6,16,22,27.3
fa33d61b-8ba5-4c23-9603-8d9ebf167d5d,37.7661,-122.4266585,3,15,18,16.7
987bd538-e619-4284-beb8-c13c65fcf38b,37.7930958,-122.3988357,20,11,31,64.5
840ab61e-f6aa-4174-9881-5d57201ce1b9,37.78899099599619,-122.3922550678253,21,7,28,75.0
ea88423e-8147-4d3e-a51f-22430d3d728c,37.7837569,-122.2226033,12,3,15,80.0
759c388e-ab9b-40c2-ae96-ee5190264916,37.7552126,-122.4209752,0,23,23,0.0
a646ab7e-7396-4009-abb8-0b51171325ff,37.8693603,-122.2543374,0,30,30,0.0
e01b3ae0-0543-484f-9085-bff4af3c174c,37.80717108096738,-122.40927904844284,14,2,16,87.5
e7691d93-eed6-4388-b681-00ae0b455d23,37.75770404149008,-122.39188492298126,19,15,34,55.900000000000006
578f166a-d83f-4730-b12d-f1384b7b8c44,37.77787007022392,-122.42295295000075,5,14,19,26.3
b15389ba-6c9e-4c5a-bd3b-e4539b8b908c,37.771134537078765,-122.44534134864807,5,16,21,23.799999999999997
ce264eb5-ebfe-4a03-8bd3-e319c32614ec,37.7973195,-122.2653199,5,22,27,18.5
42019e90-fa74-4a77-9051-5dfed81a32de,37.8332935222321,-122.25622415542603,0,23,23,0.0
6ab85eb1-e112-4c57-8a44-110120d68a1d,37.7810737,-122.4117382,1,25,26,3.8
ed438146-1615-45c6-bf54-07e2de0adcf1,37.79416044174933,-122.42156758904456,23,4,27,85.2
11547c9b-2e36-4fc5-9e81-9d5817ae35dc,37.7873267660624,-122.41327822208405,3,16,19,15.8
70cd5518-091f-4331-a80e-53df97db1a81,37.8624644,-122.2647911,19,4,23,82.6
b8c5214e-5d26-47d0-aba5-d62ef145d083,37.7685449,-122.40423738710535,10,17,27,37.0
b2e9118f-aafb-49fb-b237-4ba08e21f51f,37.795392,-122.394203,17,18,35,48.6
b4717e68-fb91-4e74-819f-4a9580a84ca5,37.8494355,-122.2525406,3,20,23,13.0
2dbb5c93-f749-47b9-bcad-ce6c3b26ba35,37.80000163118878,-122.26643800735472,8,19,27,29.599999999999998
083eaf2a-4d3f-4d83-986a-98f67f7f22b4,37.790296440371655,-122.3938751220703,10,21,31,32.300000000000004
7dfe1c94-5eae-41a7-ad42-3d3f4c7610a3,37.72238229348268,-122.44380980730057,2,22,24,8.3
7cec0a12-76ab-4472-b38c-8e8ad02688a5,37.8539069616438,-122.2896981239319,15,0,15,100.0
743f63f9-ee7d-46b9-9b71-2ac8ed0a4a26,37.7971765,-122.4036272,0,14,14,0.0
71a4bb9f-1cec-4b1e-9534-51e82c9201d0,37.7273951,-122.4354739,8,14,22,36.4
38a49a05-7382-4a28-b6b1-b57c6fe99745,37.759211,-122.4367975,12,4,16,75.0
d4a88e33-78c4-4bc4-86a5-da0e3dd6e4b6,37.779673,-122.48797,10,9,19,52.6
717e6e13-e1b2-4c13-944d-823a556c1635,37.8110807,-122.2432677,14,1,15,93.30000000000001
16fbff76-56d1-4e2b-b735-ec21b8cd3181,37.7737172,-122.4116467,6,20,26,23.1
fb39d594-8fdb-440e-80c5-8a544b339007,37.800496036682574,-122.41088703274725,18,6,24,75.0
316f6785-47aa-4e37-b81b-3cf829bf5120,37.8305452,-122.2739367,15,0,15,100.0
a6bfff23-97d9-4a9d-b999-dd85168d8812,37.7807601,-122.3949894,12,14,26,46.2
ed1bf0f9-aa06-4f57-8cd6-5775ff3c29f0,37.795001,-122.39997,5,26,31,16.1
86e91819-05c0-4150-ab16-83d8480dc7f4,37.7440667,-122.4214722,12,5,17,70.6
a6c2bd25-bdaf-4548-baeb-e203cfa52b3e,37.73309280990925,-122.39097297191618,4,13,17,23.5
42952b44-cb91-43dd-bdbd-34e4f2a39046,37.772300631747626,-122.39302754402159,23,0,23,100.0
8e8eb1c3-1792-46e7-9c03-eb60e4271a52,37.7974387,-122.4339891,15,5,20,75.0
c8a342d4-3bf7-4619-9ae1-9b382d5440e1,37.80028668467315,-122.42578603327274,15,2,17,88.2
9e3efff1-3d42-46fd-8206-4021277ba6c2,37.8045623549303,-122.27173805236816,17,18,35,48.6
0c9cb910-8442-4df6-a997-704d817583ab,37.7662185,-122.4310597,5,19,24,20.8
47f5b0d6-a2db-482c-9680-10759094c4a4,37.8312752,-122.2856333,21,2,23,91.3
4fea6876-e80d-4a29-9966-820ac15cd3b4,37.8419238,-122.2880451,15,0,15,100.0
b53670c4-7b44-4b35-88da-c8763a8802a2,37.77666378283064,-122.40790843963623,12,5,17,70.6
7d15210b-55fb-4456-8281-781cfa9d5594,37.768357,-122.452862,6,8,14,42.9
d82d9e94-bb62-4001-b6ad-50603199554d,37.804648,-122.402087,3,19,22,13.600000000000001
d6ced8f4-977a-441a-86f0-27381b495794,37.7646845,-122.4199265,3,7,10,30.0
8b4f5169-6d0c-4d43-aa31-d243c5aec7ec,37.78487208436062,-122.40087568759917,6,12,18,33.300000000000004
a1e0b4b2-2c5c-4201-a78c-9e8a2152ab4e,37.783899357084934,-122.40844488143921,13,17,30,43.3
ffbf423a-2c1b-447a-a47d-9c1fddd152be,37.8388,-122.258732,7,12,19,36.8
a845426e-b1fe-4dab-b7a5-b6e581f4d7dc,37.8107432,-122.2914153,4,11,15,26.700000000000003
9d47758e-44c7-4a16-a66a-efe7f942e7d1,37.78045005996349,-122.43194639682768,2,20,22,9.1
3144f47a-86f7-40f6-9ff0-5c8120babf6a,37.782404601934104,-122.43944585323335,12,14,26,46.2
6197f964-9002-4ddb-b4df-70d0bcf25ee9,37.756808,-122.405943,4,9,13,30.8
272f64c8-d2aa-4fe8-8fcd-9853367dc8b8,37.78657849953654,-122.45342284440996,1,22,23,4.3
8b2524c3-cc5f-4a3d-97f6-224a540d3ecc,37.7813455,-122.418409,2,24,26,7.7
76d7eeec-413a-4940-9bc2-8222d35f8fdc,37.8513755,-122.2525233,4,11,15,26.700000000000003
5a895f98-fd79-4db0-b19f-e2d312acf148,37.782589,-122.4718603,13,13,26,50.0
1726583666966036952,37.775904,-122.39314,4,2,6,66.7
ddc82a89-0b7e-41a7-ba69-05e3776d13cf,37.794396,-122.253842,10,5,15,66.7
72266876-876c-41a9-a1d7-c4b4306b42c3,37.86906047545393,-122.29339957237242,18,1,19,94.69999999999999
fb66d43b-6d13-411c-ac2d-e26fbca0b0f2,37.7476755,-122.420215,13,2,15,86.7
76d741e6-6b22-4d6a-a16f-8dbd7ab51c6f,37.8277573,-122.2567156,0,23,23,0.0
e061c062-a4eb-4a4d-a19c-a6c6e3e03e1d,37.7866115,-122.4500525,0,17,17,0.0
71af92f2-0999-4917-b7da-36e122a8f967,37.734966,-122.429772,1,18,19,5.3
4f7840d9-aca0-4a53-8664-e9e043d21a72,37.777563,-122.426581,0,30,30,0.0
d006bbb9-ba51-4958-9c4f-cdd78527bfa1,37.7692231,-122.43406206015258,0,18,18,0.0
08a1a4d2-e83a-4911-8743-41006698f4da,37.7567083,-122.421025,10,11,21,47.599999999999994
8d2b8bc1-39ed-43c4-83ca-6da147d76bea,37.78227952975499,-122.40731298923492,7,5,12,58.3
e0ae39c6-90d9-4302-8da9-582cdaaa2a60,37.7328128005294,-122.43414044380188,10,29,39,25.6
3e870ef6-b3ee-4e56-9d22-156fdb2f8155,37.82268385945021,-122.27292420364392,8,11,19,42.1
40aad9cb-3190-4190-b73f-95aa661cec18,37.764965,-122.3990255,12,13,25,48.0
38a02670-3056-43fb-8271-20fbf6baa538,37.769818,-122.4291485,3,22,25,12.0
e5741f79-1c88-4f19-8f34-59b4ab198375,37.83954308266563,-122.2987177222967,5,18,23,21.7
4a6b5ab4-b2d8-4657-b93f-a71bc7007283,37.85578332030199,-122.28312671184538,19,0,19,100.0
76709a87-13a8-4df3-a971-073c79fcf6b0,37.8658466,-122.2674431,9,13,22,40.9
ba3699d9-448e-4246-aa88-b7543383af4e,37.73629587217104,-122.38996982574461,8,13,21,38.1
e60d1fa9-6274-4137-9fa2-160a32e29afa,37.773238,-122.399998,7,16,23,30.4
8d63ada7-a461-44c8-999d-4a8a45117e90,37.804036784023594,-122.26240932941435,9,10,19,47.4
5292350c-9e2a-4d8d-bed5-b2738edc1551,37.7735622,-122.4425712,4,21,25,16.0
36d93f40-149d-4b0d-ab4c-ea4aad093937,37.796470691622936,-122.4168576300144,6,9,15,40.0
7d463937-ff3e-4fb2-802a-f5b7cca1159e,37.77583378631289,-122.40269154310225,3,16,19,15.8
86fae8b7-9d4f-499a-9437-422a07103c57,37.7789994,-122.4368608,4,23,27,14.799999999999999
5f90cd60-c199-4919-a20c-a2e417627b9d,37.77599270441184,-122.39300568626935,10,17,27,37.0
d1e31ce1-f129-48e0-bfe9-ba2674ed2daa,37.866249,-122.2993708,23,0,23,100.0
f6aa360a-a056-4e50-ad1d-f67a35501595,37.725603,-122.476561,10,5,15,66.7
d09b983e-bbce-4501-9e3c-7dc0fe605ff3,37.7316566899845,-122.45112150907515,4,6,10,40.0
7f44afe0-3e39-41d5-a73d-121395143d81,37.780364,-122.4728095,15,11,26,57.699999999999996
c8b190cd-c4a1-4597-bb18-3d9cc786e9cb,37.8753207,-122.2601554,0,15,15,0.0
91ab197f-ceb5-4dbe-b907-532afa8db43b,37.7732674,-122.472319,0,26,26,0.0
28844b82-850f-4e02-95c6-59d6076e8516,37.7703135,-122.3912365,23,3,26,88.5
b48ebe9a-8d7b-4ac1-b0da-db5978404330,37.7840775,-122.411926,1,22,23,4.3
21883e7a-ea31-4cfc-843a-ca8263b39fda,37.78749210438603,-122.3982846736908,19,15,34,55.900000000000006
6c4a9d85-6ef7-43fc-82a5-172d1a045539,37.740048,-122.3834355,15,0,15,100.0
60e50c5b-b924-4c2d-83bb-c8fe97e6c4c3,37.78970984996185,-122.40548387640955,15,13,28,53.6
afa2db8d-61bb-461a-8019-d5cd2aa1ec25,37.771762110313176,-122.39843755960464,13,7,20,65.0
53bea4e6-b907-424c-b519-d286ffb713d8,37.7614205,-122.4264353,7,14,21,33.300000000000004
8013d0b6-dd3a-4f9f-9fee-a1e6e21aef90,37.783176,-122.393378,4,22,26,15.4
9818c353-b93e-4775-b23c-d602913945ca,37.781722,-122.492844,8,14,22,36.4
22a9d86b-ba44-4f2f-b167-355f99c7968c,37.77122901793374,-122.40088641643523,15,10,25,60.0
83b33e8d-bf8c-4a2a-8ee3-942834af27b4,37.7762475,-122.4262025,11,13,24,45.800000000000004
f7cd5ed5-b319-4723-93d2-188e3c3333e5,37.7785885,-122.392553,21,17,38,55.300000000000004
9d5eb122-9e8b-49db-bf9c-a73c9e88c8d2,37.7370395,-122.3944985,9,7,16,56.2
b32262f7-54fe-4ea7-9859-e761407169a5,37.731085,-122.476163,7,19,26,26.900000000000002
6064907e-3871-4b2c-829b-d01406cee6fb,37.79013985185364,-122.24237322807312,12,3,15,80.0
dfaaaa16-03ba-40b5-8360-6ebfc97ea541,37.7317266935217,-122.3900556564331,9,10,19,47.4
6327ad76-fdd0-4ea8-a09a-f1bccca719b3,37.7914015,-122.391038,4,18,22,18.2
874b7cea-2d90-4978-bc49-b9a38b597f81,37.8689109,-122.2587857,0,23,23,0.0
664a552b-479c-40c3-b702-6b0b63751ce3,37.799207926286,-122.43412166833876,8,9,17,47.099999999999994
b96ee0c1-a83b-4f0c-9eae-4592672b3e86,37.8193814,-122.2619284,8,12,20,40.0
6e52cb4a-6cd5-4d29-ad74-68e3b6aa854f,37.7504343570623,-122.39044725894927,10,4,14,71.39999999999999
bde0daf3-435d-4e6a-a477-ec9a4b4c17f7,37.834174,-122.272968,11,4,15,73.3
bf116a73-3718-46c1-ac14-c295963150ae,37.7737932060887,-122.42123901844025,6,27,33,18.2
003d58af-e449-4800-aa6d-eb1bba8ad68d,37.726266,-122.479462,6,20,26,23.1
790da352-5aaa-4bb9-8453-e8ec2f78c038,37.85022187449679,-122.26017236709595,2,9,11,18.2
7686b58c-88a3-4ca8-a898-d4bcccf520b3,37.795194764385954,-122.27396965026855,16,11,27,59.3
a40fc1eb-e8e9-4d41-8f77-71365f0d9064,37.78729,-122.39438,12,8,20,60.0
a967125a-632a-4423-8ccd-61e9fe92b02f,37.764783,-122.3908972,18,7,25,72.0
673c88d0-961a-45ff-b394-ac9a33e58d55,37.7509004,-122.4274114,5,13,18,27.800000000000004
fa0488df-ff17-42f1-9250-5a2bef70072b,37.7603435,-122.387449,5,17,22,22.7
2f20969c-74f7-4b6a-8e23-d4d1a31b75f5,37.769263,-122.407054,20,7,27,74.1
e70c8987-0178-46f2-941f-1fd0eb306ed9,37.76344319627197,-122.48355373749291,12,7,19,63.2
9477b039-8d61-4917-b03a-43efb7d55c90,37.73890064447666,-122.38952457904814,16,2,18,88.9
59cb1eda-68ac-43fd-a05a-9250d7f9ace3,37.801750101596625,-122.4563633604339,3,17,20,15.0
51e8e63d-0883-47e0-b280-210e0c990a49,37.7642245,-122.4673775,5,17,22,22.7
b3c834af-571f-4fee-808b-ae2a7c018b5c,37.7644783,-122.4025701,18,0,18,100.0
4fc98cbd-9c9b-401b-95a6-927e30bdbd46,37.7963894,-122.3945855,15,7,22,68.2
8a7e7744-c516-46b9-b079-2a6d3afc2383,37.8178269,-122.2756976,12,7,19,63.2
d88b1cad-d8e4-4eff-9897-9dabbc43bcbb,37.7719996,-122.3899698,16,12,28,57.099999999999994
31146111-fc8f-4107-9087-1a160eefaa54,37.84427875399067,-122.251900434494,0,24,24,0.0
4a0d887c-7e9d-4f15-a28b-aeeff05f81b6,37.787963,-122.3918085,9,13,22,40.9
4cfebcba-c209-4f34-bcd3-2e6c4cdaee34,37.7632417,-122.4306746,2,16,18,11.1
1b13a386-c5f4-42cc-bc3b-ded95982e090,37.7861375,-122.405234,17,10,27,63.0
3c09035e-28d3-4031-9148-51c08343856b,37.7811944,-122.3999862,5,24,29,17.2
88fe4d18-7a30-4ffa-8e6d-9c8aa708e30f,37.78709359600294,-122.41670072078705,5,21,26,19.2
a00d04e6-0159-466a-b3ab-23f9550f418c,37.785876,-122.4089225,2,31,33,6.1
394b8db0-00f7-47b8-b85c-a36fd0de8340,37.777609310293336,-122.45462179183959,1,19,20,5.0
8dcf7ae3-7e20-4424-b515-b785799c70e9,37.768872,-122.3911087,11,22,33,33.300000000000004
aa6d4372-55f7-451a-a9ab-a546001fd8f7,37.7605936,-122.4148171,10,8,18,55.60000000000001
a247eef9-7ee3-4827-8ddb-fbd8daca7a0b,37.8396488,-122.2717561,15,0,15,100.0
1dedc5ae-882d-4bb0-bcfe-33604cc116df,37.8335577,-122.2674183,0,19,19,0.0
31d616be-a4ad-48ec-b8be-c08650a50136,37.788032,-122.395626,11,27,38,28.9
0f9b43c7-8f21-4604-a8b0-05b0d76668b4,37.788048,-122.438812,1,25,26,3.8
9da2121d-d8a8-464d-a396-cd41c9487bc4,37.8384435,-122.2886647,12,3,15,80.0
b3af6593-57d4-4b9a-ba7a-b2d8051bc6b9,37.759162,-122.4100475,15,0,15,100.0
10334650-998e-4022-a883-2c3110edeb40,37.8170154,-122.2717615,2,17,19,10.5
fbf5768b-ac38-4841-9d94-e56a907dc5d6,37.770519,-122.442326,3,8,11,27.3
906d869e-f513-4c60-ab76-15e2ddc68632,37.7645435,-122.410349,9,9,18,50.0
b31a7464-fb7f-4554-a89b-ef8b4c97a367,37.8381269,-122.2512714,7,16,23,30.4
92045ce2-112c-4cd9-ae42-39aac4f43e86,37.8160598,-122.2782444,12,7,19,63.2
2c3d0e1d-f278-48df-b887-4723d4bcbefe,37.75823842417928,-122.4260938167572,2,25,27,7.3999999999999995
64ce6633-9ea3-4dc1-b33f-c9d14c523a6a,37.7788325,-122.4181591,0,15,15,0.0
940751e9-8763-4929-9f03-080b95e35a52,37.76328094058097,-122.4073773622513,20,7,27,74.1
ac5e3053-b3f5-4396-9114-7650b67c7090,37.80874983465997,-122.28328227996825,8,11,19,42.1
3845994c-9953-44ce-b75b-43d4cb5216e8,37.8588682,-122.2912095,14,1,15,93.30000000000001
04059da9-ebad-42e8-928b-14e5e3edf26f,37.849594967776646,-122.26556897163393,15,0,15,100.0
afd6eb75-31a1-4efc-8049-b5617fc2b51f,37.7717667,-122.3866885,22,5,27,81.5
7655722c-16c0-4996-9d92-4848ece2fc35,37.800213566969795,-122.25381016731262,23,11,34,67.60000000000001
87168190-5491-47c8-bb9b-187ddf6052c3,37.76909488728109,-122.38633275032042,13,31,44,29.5
ec61cf51-8375-4959-9f51-b225e317abb7,37.76578298679633,-122.45763659477234,1,17,18,5.6000000000000005
4990eb75-f06e-4737-b5e8-03f8f45ffe66,37.774814,-122.418954,15,10,25,60.0
4c05cf62-fcee-4f55-960f-aeccd2b09735,37.7927143,-122.2487796,15,0,15,100.0
5fa346e2-1fcf-4abb-8e83-4602ac69cb05,37.7981975,-122.4474145,16,9,25,64.0
dcb5ad16-caa9-4d40-b279-6d36152069a2,37.7851994,-122.3962173,1,35,36,2.8000000000000003
3bc86f37-b447-4c09-93bc-d98785d3e49c,37.805376,-122.437261,13,10,23,56.49999999999999
f1987d85-0da3-4a03-b947-8c6c72947f32,37.8623199,-122.258801,10,9,19,52.6
cdc26b4b-f9dc-4b00-8cf4-1665b5bf8afd,37.7648385,-122.420141,13,6,19,68.4
e2b8752f-c441-4d30-8bcf-f78b378c7c2d,37.774017937683546,-122.4238085746765,14,9,23,60.9
7baa314e-6125-4943-b469-40cd66776104,37.781981687527214,-122.43576988577843,0,24,24,0.0
6977a0c8-f59f-4d97-9868-e7b20cc2fdad,37.809368612134854,-122.26795077323914,20,11,31,64.5
ea11aa7f-c070-46a4-a074-70604340efa2,37.776598,-122.395282,5,14,19,26.3
49cb42b6-8a2e-4e19-a4b5-0f70c5b45d39,37.771431362921085,-122.40578681230545,7,22,29,24.099999999999998
789f4684-fb14-456b-ad02-87ee28d80ff1,37.8312769,-122.2782669,14,1,15,93.30000000000001
a7a6f245-fb70-495f-9598-89fa03d120f7,37.782574,-122.442203,1,26,27,3.6999999999999997
48ce0031-e9e2-4336-a60c-d9fd6d6403a2,37.805442,-122.42313,12,19,31,38.7
3d923c3c-46ea-4a46-84b7-e95916cdb0bd,37.8717192,-122.2730677,6,17,23,26.1
a4ea165b-5dcf-4b41-ac2d-68718f98b147,37.8618037,-122.2535687,0,19,19,0.0
f0083331-9bf8-407f-bba2-ab00c8968db9,37.778486986397496,-122.45864510536192,7,10,17,41.199999999999996
23a2bad4-3ea1-4545-87eb-acbee3efccfc,37.80477,-122.403234,8,13,21,38.1
e8bf72d0-c2cc-4e22-b678-4e715c2bd9ff,37.7895875,-122.440683,14,4,18,77.8
930e63db-726c-4276-b3c3-fc51f32b3ddd,37.873558,-122.283093,12,15,27,44.4
e82e7160-d8fb-452b-8f27-c0f75926d080,37.7942465,-122.402855,3,16,19,15.8
a0406a84-2708-4727-84bf-9ca96894ef45,37.7700298,-122.4117258,20,6,26,76.9
f1ee54eb-4abe-4158-9c82-53bcc640fc77,37.8087021,-122.2699271,26,1,27,96.3
63758c7b-dfd9-4548-92a2-28fe8efb2faa,37.77984799974718,-122.42249965667725,7,20,27,25.900000000000002
b43472b6-2dfc-451e-a668-abc1a1099b6e,37.87367621459825,-122.26848721504211,8,15,23,34.8
618f7cf2-3478-4607-9081-71f3a314f56f,37.7870025,-122.420053,2,10,12,16.7
885754e6-88c9-46ed-9376-f1b035a71b54,37.800459411713945,-122.24745869636536,0,23,23,0.0
70b61cdb-7b5d-4455-84e4-9b9c697b6740,37.808715,-122.2492512,23,0,23,100.0
04678a3e-1ec0-4493-a3cc-b92e74ab40ec,37.770282,-122.4154585,6,18,24,25.0
8f409200-2adf-4b2d-b675-6befa5adc6e3,37.8297046,-122.2876102,23,0,23,100.0
48e675de-7b94-49ff-bb5e-fa146c243599,37.8465156,-122.2653043,9,10,19,47.4
b6e253b2-285d-4363-ae46-24e7c221cc08,37.8302232,-122.2709501,8,15,23,34.8
3e04af83-e5cb-4472-95b5-1fc9caefa6fb,37.80696976095594,-122.26658821105957,11,16,27,40.699999999999996
ddc41c7f-69d7-48a9-a992-d0c543fd6f5e,37.795913,-122.255547,5,14,19,26.3
6b89ea9f-180b-4954-8eab-6cfeb2b66027,37.7851915,-122.2343822,14,1,15,93.30000000000001
82ad4cff-001f-49a8-88fa-a5a63d64b9a2,37.79917511263459,-122.44272915651891,14,4,18,77.8
df2bc9c0-0377-46c8-83ea-ef7ef9dcdb4d,37.8238474,-122.2811926,5,10,15,33.300000000000004
9d4c484b-5e48-4115-8f87-e3f19b08c9d4,37.72939320661727,-122.38653659820555,5,14,19,26.3
3213dcdb-2ba7-46ad-b358-258a34bde9e0,37.788975,-122.403452,7,24,31,22.6
47fcca45-c6c5-4665-9f34-8852ca3c3ae8,37.7520708,-122.41997372800698,2,14,16,12.5
e6e22821-4578-4bae-94d8-b1dabf0cd0cd,37.730079,-122.3988045,8,5,13,61.5
07303af0-cf6e-46f2-bf9c-9ebb61f21adc,37.79801364395978,-122.40595042705534,1,13,14,7.1
998afb43-2436-4f11-9ed1-380c9abc3e55,37.84052116694969,-122.29352831840515,18,1,19,94.69999999999999
8f34c934-e51e-4b0f-810c-916618b6cd90,37.8007544,-122.2748943,3,24,27,11.1
3437ead2-e5e0-4e1c-86cf-d925a96b2260,37.7524278,-122.4206278,1,18,19,5.3
dcf29fa9-3304-4f6f-90eb-ef48ada9dbfe,37.837369,-122.267656,7,15,22,31.8
2ed84bed-e42a-4f0d-a059-78a709748616,37.7518194,-122.4266139,13,4,17,76.5
dd34aaa2-dd91-4d83-9f92-e8a2f1cc2f93,37.765942,-122.449228,1,20,21,4.8
73295cf1-c5e1-41dd-8cd7-eab6512e8a34,37.82669558640968,-122.27179706096648,0,22,22,0.0
3c2ae472-6b36-42ce-be4d-f99208a7e8b0,37.78352083526095,-122.43115782737732,0,22,22,0.0
a0b6621e-016f-4a91-918c-2140bfd9813c,37.816073115011406,-122.26788640022278,7,12,19,36.8
f3e171b4-04b0-418f-9d82-e62f4df245d8,37.7688065330825,-122.41349816322328,14,1,15,93.30000000000001
b0f5f6bc-86db-4670-be8d-4112719fbd71,37.82246767714513,-122.26597130298616,7,16,23,30.4
fb24c862-b4cf-45e1-9008-4812aa8370fd,37.7604469,-122.410807,17,2,19,89.5
422ab254-5c2c-4a9c-9368-a49e8dab3ebf,37.8114831,-122.2605061,10,13,23,43.5
6b38a901-f4ae-4aef-b958-3b6efe69e9d6,37.8505777,-122.2781754,9,5,14,64.3
37283176-b2eb-4577-a6bd-b821e0057bda,37.767256698389865,-122.40032913185132,7,18,25,28.000000000000004
9ac7060b-f5d5-4ae4-be01-2571b1419d3f,37.77993,-122.2177284,1,18,19,5.3
bfb90ed7-6039-4c61-9b13-fb60b1786dde,37.775328,-122.458104,0,18,18,0.0
175541bb-0ac6-42ba-bb50-071317d1237b,37.779046658472055,-122.44729131460188,0,21,21,0.0
51c15f4f-80bb-4c55-9675-70c184bb4318,37.778058,-122.2254,4,15,19,21.099999999999998
380aa51b-4c0a-4388-ad78-37edf7338a3e,37.7896297,-122.39033527452119,6,11,17,35.3
08302771-1d45-4ec8-be85-7359fc89edd4,37.78381270927812,-122.43455886840819,2,25,27,7.3999999999999995
09c20e68-4f8c-4723-ae8f-bac3dd927848,37.8005161,-122.2720799,13,14,27,48.1
a9c46d92-b21e-489a-b922-3deb4ec1ab35,37.776619,-122.417385,7,17,24,29.2
0b596735-1b55-4aaa-8421-2ac1a39267b1,37.7616343,-122.3906477,20,11,31,64.5
e1242828-b89b-4d56-a78e-6a34fd7d3c00,37.77793367006746,-122.3969730734825,4,15,19,21.099999999999998
84dfbc77-fe18-4e2c-9f89-9edb8aeaee2c,37.764285,-122.4318042,1,12,13,7.7
48c7a222-5ed0-4b31-b520-4b6bfc5ca54d,37.781840715520495,-122.46763586997984,11,16,27,40.699999999999996
ba25987f-399d-49ce-9354-52785e48ea13,37.780526,-122.390288,21,18,39,53.800000000000004
84b1ea89-19b6-4f78-92e2-2a161f75e67e,37.794525,-122.3948805,6,21,27,22.2
16fea24d-ec2c-4e37-8f63-fc9f793de2cf,37.792251,-122.397086,22,6,28,78.60000000000001
6e7a5099-b2ba-40d4-9a24-29e0ae7dfd4b,37.75179164525661,-122.40521550178528,5,18,23,21.7
57b62dd0-e022-47a7-ad7e-340fbe98188a,37.73017446887281,-122.43289589881897,11,7,18,61.1
891d3a5f-05ab-45f2-8427-b74a1ec12d5b,37.77341396997343,-122.42731690406801,5,21,26,19.2
54c91186-8493-44d1-ac4f-435350fee797,37.778799,-122.4159632,7,20,27,25.900000000000002
f82dccaa-6309-4a54-a405-fe94412f71d6,37.87055532905745,-122.27972030639648,15,0,15,100.0
ea3a94b3-f37e-4d32-afaf-e8bc1f89342f,37.76393402521409,-122.47065067291258,3,23,26,11.5
3494fb75-e57c-491f-a6e7-c2440c3a37e3,37.8723555,-122.2664467,17,6,23,73.9
3a415706-d63c-4a35-9b1c-bb9127ddc925,37.772219,-122.419976,6,14,20,30.0
b6190b6b-1f42-4b69-ab79-d6cfa18adea7,37.750506,-122.4339496,4,12,16,25.0
f8f12028-2117-4737-9a03-04548ad95e82,37.7819295,-122.4827855,15,1,16,93.8
f8b56cb7-cb70-4097-99c4-446fc29600c9,37.760278,-122.419074,9,8,17,52.900000000000006
3ccf483a-ed9f-4327-bf9b-d72b4170ebfc,37.7630152,-122.4264968,9,10,19,47.4
9fae2998-e458-47f8-9c7c-978e01f05330,37.787332,-122.3881105,14,3,17,82.39999999999999
44895a43-3486-4b6c-abc9-196b934c6c81,37.76349722249423,-122.47632622718811,8,18,26,30.8
c6fc1429-ff65-428a-920c-f07aacdf51e8,37.791966,-122.429315,6,18,24,25.0
83f44c93-d153-49b3-a8af-a6b4a7ea85db,37.8467842,-122.2913761,11,8,19,57.9
d8b96e4a-7123-41db-a02c-e4ce48302578,37.77168,-122.422301,6,11,17,35.3
be15716e-f097-437b-8738-1db234d03b5e,37.78071988575564,-122.47610360383989,11,12,23,47.8
d533df76-e03c-4ef3-b928-968aaed45823,37.775946,-122.4377775,8,16,24,33.300000000000004
ba6302c6-3960-48c0-99c7-27936e2d1275,37.75016713801581,-122.38654196262358,8,9,17,47.099999999999994
28925943-fddd-4f98-86ef-9f8dbd9bc62d,37.781123,-122.2329915,8,7,15,53.300000000000004
bd5a77f6-ebbe-496b-9887-069c87c7a423,37.86641794050319,-122.25379943847655,0,23,23,0.0
90e4028e-afee-480f-b327-4e7cc40f6796,37.7802645,-122.4066435,3,21,24,12.5
df4b01d6-90bb-4faa-8437-d0391b8d115b,37.78243851977672,-122.4653774499893,12,11,23,52.2
2aa2a8ee-2f2b-4a1a-8c28-f239c1b520b1,37.7737524,-122.3914274,18,1,19,94.69999999999999
586dce76-7324-4117-9c58-7ed6d00151bf,37.792979854977766,-122.4233016371727,21,6,27,77.8
77476eaf-b0a1-473b-8e68-9d6a312545b1,37.8098236,-122.2801923,15,4,19,78.9
18fb1a9a-e3ee-4a18-a00d-45c1e0d14d16,37.763333,-122.4220555,15,4,19,78.9
e5b0aca4-2ce6-49f8-82e8-8eed6e004147,37.795402,-122.4046885,16,11,27,59.3
2dfbc387-8432-4ac3-9526-fc79b5046eb8,37.722601,-122.3922705,6,12,18,33.300000000000004
6d0651c2-022b-4e4d-add0-a1bda32e6725,37.788299978150825,-122.40853071212767,1,24,25,4.0
75f6691a-df0a-4d7a-8b35-e5ffe33add4f,37.79857210846256,-122.40086898207666,17,2,19,89.5
74e8630e-7e2a-447f-ae87-5c9898c7346a,37.81258108581741,-122.26857304573059,12,11,23,52.2
f24186f7-5c85-4be8-8328-55de576a88db,37.725372,-122.393954,6,8,14,42.9
bf7e294f-11cc-4b4a-9a37-036d0dc0f648,37.775522,-122.498498,16,1,17,94.1
314fd7e5-4335-4b89-ac9d-2c099bc33d9f,37.7670373,-122.4154425,5,12,17,29.4
bf463e48-e629-4fed-9e7e-551e5c5a1af7,37.8401858,-122.2618225,8,11,19,42.1
236c090a-68d6-4e2a-8a93-9d701ec242d9,37.797249,-122.427457,6,11,17,35.3
99665404-d98e-472c-9f68-0016be3601db,37.8690599,-122.270556,2,25,27,7.3999999999999995
90f3a6f3-b34b-48fa-b162-d7fdffd9637f,37.7228179,-122.4472364,9,16,25,36.0
37cf6b02-5cb0-4461-bf45-0ae60a1a2fb7,37.785111,-122.477667,5,16,21,23.799999999999997
b8398469-a2ba-4d86-8f5a-07f9883796bd,37.8013189,-122.2626418,2,24,26,7.7
cd7359fc-6798-48ed-af32-9d5f6cff9ffa,37.7610471,-122.4326417,2,11,13,15.4
09a8c4ba-29d9-43bd-a457-34e8f741d673,37.76343361023245,-122.46406316757202,0,25,25,0.0
77948e35-f1c6-4ff9-9d8c-787a16b20a27,37.825785004382006,-122.25346968515623,9,9,18,50.0
50518b51-6910-4f71-bb20-7b0d0fc4f4b7,37.8444927,-122.261351,6,9,15,40.0
0a8d57e4-f30f-4aa8-8409-4712e9869de0,37.7587,-122.463774,0,26,26,0.0
759daccc-7f53-4b29-ab07-cf2d75a10610,37.796248,-122.279352,25,2,27,92.60000000000001
f518d262-a592-4b3d-b026-b9215bea13d0,37.8023,-122.4244135,11,8,19,57.9
dd3ef1c7-d691-4b1f-a2d2-a9b04363ad49,37.7690102,-122.42224826223539,13,4,17,76.5
cf1d4581-61da-4ade-97d5-2f856cdb0aad,37.7752321,-122.2244982,7,8,15,46.7
2b140c2a-c038-4983-9290-d801db8a13f5,37.77754677017323,-122.43327409029006,0,21,21,0.0
f3db9065-9d34-451e-ae8e-930612f8b8d7,37.8262863,-122.2651002,0,19,19,0.0
8517bd49-73e1-4b27-8686-d9f38a1f1ec3,37.78292608704408,-122.38792061805725,4,22,26,15.4
